"Link","Title"
"https://acrawatch.sg/company/honey-beverages-enterprise-blive-llp","HONEY BEVERAGES ENTERPRISE (BLIVE) LLP"
"https://acrawatch.sg/company/hai-yang-gourmet-llp","HAI YANG GOURMET LLP"
"https://acrawatch.sg/company/hearty-blends-enterprises-llp","HEARTY BLENDS ENTERPRISES LLP"
"https://acrawatch.sg/company/home-of-love-employment-agency-llp","HOME OF LOVE EMPLOYMENT AGENCY LLP"
"https://acrawatch.sg/company/hock-star-multi-tech-llp","HOCK STAR MULTI TECH LLP"
"https://acrawatch.sg/company/hearing-hearts-counselling-llp","HEARING HEARTS COUNSELLING LLP"
"https://acrawatch.sg/company/happy-helm-llp","HAPPY HELM LLP"
"https://acrawatch.sg/company/hive-living-llp","HIVE LIVING LLP"
"https://acrawatch.sg/company/geapi-ventures","GEAPI VENTURES"
"https://acrawatch.sg/company/k-infra-vault-aggregator-gp-pte-ltd","K-INFRA VAULT AGGREGATOR GP PTE. LTD."
"https://acrawatch.sg/company/kornog-pte-ltd","KORNOG PTE. LTD."
"https://acrawatch.sg/company/kitma-tech-pte-ltd","KITMA TECH PTE. LTD."
"https://acrawatch.sg/company/onwards-capita-pte-ltd","ONWARDS CAPITA PTE. LTD."
"https://acrawatch.sg/company/oceanads-digital-pte-ltd","OCEANADS DIGITAL PTE. LTD."
"https://acrawatch.sg/company/grandzycon-pte-ltd","GRANDZYCON PTE. LTD."
"https://acrawatch.sg/company/changxin-memory-technologies-singapore-pte-ltd","CHANGXIN MEMORY TECHNOLOGIES SINGAPORE PTE. LTD."
"https://acrawatch.sg/directory/local-company","Local Company240,860View allActive466,947Pending Closure0Struck Off286,499"
"https://acrawatch.sg/directory/sole-prop-or-partnership","Sole Prop Or Partnership240,860View allActive139,423Pending Closure1,147Struck Off0"
"https://acrawatch.sg/directory/llp","Llp240,860View allActive16,615Pending Closure0Struck Off18,575"
"https://acrawatch.sg/directory/foreign-branch","Foreign Branch240,860View allActive1,838Pending Closure0Struck Off51"
"https://acrawatch.sg/directory/limited-partnership","Limited Partnership240,860View allActive968Pending Closure2Struck Off0"
"https://acrawatch.sg/directory/other","Other240,860View allActive0Pending Closure0Struck Off0"
