"Title","Location","Category","Price","Revenue","NetProfit","Rental","DatePosted","Link","Image"
"🔥3 Months Trail ✅ Business Featured On Tv, Radio And Major Influencers!!!🔥Central Area S$40,000","","","S$150,000(Neg.)","S$100K - 200K","","S$100K - 200K","","https://www.businessforsale.sg/choose-country",""
"Asia-Pacific Corporate Learning & Development Consultancy — For Sale","","","Price On Request","S$203,700","S$30,000","S$0","","https://www.businessforsale.sg/businesses-for-sale/asiapacific-corporate-learning-development-consultancy-for-sale-42272",""
"Singapore Medtech Platform Seeking Strategic Investor For Southeast Asia Expansion","","","S$1M - 5M","N/A","N/A","S$5,300","","https://www.businessforsale.sg/businesses-for-sale/singapore-medtech-platform-seeking-strategic-investor-for-southeast-asia-expansion-42283",""
"【ExpoTube】building the world's largest Online Expo Platform via YouTube Expo Channels network","","","S$1,000,000","N/A","N/A","S$7,000","","https://www.businessforsale.sg/businesses-for-sale/expotubebuilding-the-worlds-largest-online-expo-platform-via-youtube-expo-channels-network-32858",""
"Established Wine And Liquor Store In Holland Village Shopping Mall","","","S$550,000(Neg.)","S$60,000","N/A","S$8,000","","https://www.businessforsale.sg/businesses-for-sale/established-wine-and-liquor-store-in-holland-village-shopping-mall-42287",""
"Looking For Passionate Entrepreneurs To Explore New Ideas In Vending Machine Business","","","S$17,000","N/A","S$3,000","S$5,500","","https://www.businessforsale.sg/businesses-for-sale/looking-for-passionate-entrepreneurs-to-explore-new-ideas-in-vending-machine-business-41650",""
"Korean Cafe Urgent Sale In Orchard ! Great Potential ! Great Event Space !!!","","","S$50K - 100K","N/A","N/A","S$18,000","","https://www.businessforsale.sg/businesses-for-sale/korean-cafe-urgent-sale-in-orchard-great-potential-great-event-space-41920",""
"Profitable Playground Equipment Supply & Install Business,S$2M Net Assets (Retirement Sale), 20+Yrs","","","S$2,800,000(Neg.)","S$200K - 500K","N/A","S$14,000","","https://www.businessforsale.sg/businesses-for-sale/profitable-playground-equipment-supply-install-businesss2m-net-assets-retirement-sale-20yrs-42023",""
"传统老牌家具店生意转让UBI S$3,950,000(Neg.)","","","S$1,000,000(Neg.)","S$100,000","","S$100,000","","https://www.businessforsale.sg/choose-country",""
"Established Chinese Enrichment Franchise For Sale – Jurong East","","","Price On Request","N/A","S$5K - 10K","S$4,800","","https://www.businessforsale.sg/businesses-for-sale/established-chinese-enrichment-franchise-for-sale-jurong-east-42313",""
"Well-Known Franchise Kaya Toast Coffeehouse, Automated & Profitable","","","S$100,000(Neg.)","S$200K - 500K","N/A","S$11,500","","https://www.businessforsale.sg/businesses-for-sale/wellknown-franchise-kaya-toast-coffeehouse-automated-profitable-42302",""
"ExpoTube - World's Largest Online Expo on YouTube","","","S$1,000,000","N/A","N/A","S$10,000","","https://www.businessforsale.sg/businesses-for-sale/expotube-worlds-largest-online-expo-on-youtube-32858",""
"Rare 6,000 Sqft Cat 1 Spa & Wellness Business For Takeover — Taman Jurong","","","S$100,000","N/A","N/A","S$10,500","","https://www.businessforsale.sg/businesses-for-sale/rare-6000-sqft-cat-1-spa-wellness-business-for-takeover-taman-jurong-42346",""
"Seeking Strategic Investors To Build Asia's Next Robotics & AI Education Platform","","","S$200K - 500K","N/A","N/A","S$3,800","","https://www.businessforsale.sg/businesses-for-sale/seeking-strategic-investors-to-build-asias-next-robotics-ai-education-platform-42338",""
"Maritech Software Pte. Ltd. – Business Summary & Description","","","S$1,500,000(Neg.)","S$20,000","N/A","S$14,000","","https://www.businessforsale.sg/businesses-for-sale/maritech-software-pte-ltd-business-summary-description-42337",""
"Fast-Growing Fashion E-Commerce Brand For Sale","","","$109,000","$38,000","N/A","S$-16","","https://www.businessforsale.sg/businesses-for-sale/fastgrowing-fashion-ecommerce-brand-for-sale-42253",""
"Established Invoicing Software Business For Sale - Ideal For Freelancers & Small Businesses","","","S$3,500","N/A","N/A","S$35,000","","https://www.businessforsale.sg/businesses-for-sale/established-invoicing-software-business-for-sale-ideal-for-freelancers-small-businesses-42332",""
"$1.2M Revenue Halal F&B Brand – Full Business Acquisition","","","S$280,000(Neg.)","N/A","N/A","S$0","","https://www.businessforsale.sg/businesses-for-sale/12m-revenue-halal-fb-brand-full-business-acquisition-42333",""
"Premium Matcha Business For Takeover","","","S$36,000(Neg.)","N/A","N/A","S$4,100","","https://www.businessforsale.sg/businesses-for-sale/premium-matcha-business-for-takeover-42330",""
"Rare 6,000 Sqft Cat 1 Spa & Wellness Business For Takeover — Taman Jurong","","","S$100,000","N/A","N/A","S$8,000","","https://www.businessforsale.sg/businesses-for-sale/rare-6000-sqft-cat-1-spa-wellness-business-for-takeover-taman-jurong-42346",""
"Establishe Edtech & Tuition Business For Sale — Turnkey With Automation, Ip/O-Level Curriculum","","","S$25,000","N/A","S$10K - 20K","S$3,000","","https://www.businessforsale.sg/businesses-for-sale/establishe-edtech-tuition-business-for-sale-turnkey-with-automation-ipolevel-curriculum-42360",""
"Investment Opportunity – Growing Singapore Smart Vending & Unattended Retail Business","","","S$200K - 500K","S$20K - 50K","N/A","S$0","","https://www.businessforsale.sg/businesses-for-sale/investment-opportunity-growing-singapore-smart-vending-unattended-retail-business-42359",""
"Super Low Rental Rate In Orchard Road – Ideal For Takeover","","","Price On Request","N/A","N/A","S$1,450","","https://www.businessforsale.sg/businesses-for-sale/super-low-rental-rate-in-orchard-road-ideal-for-takeover-42371",""
"📈 Profitable Early Childhood Enrichment Centre In Central SG","","","S$260,000","N/A","N/A","S$1,376","","https://www.businessforsale.sg/businesses-for-sale/profitable-early-childhood-enrichment-centre-in-central-sg-42380",""
"ExpoTube - World's Largest Online Expo on YouTube","","","S$1,000,000","N/A","N/A","S$14,899","","https://www.businessforsale.sg/businesses-for-sale/expotube-worlds-largest-online-expo-on-youtube-32858",""
"Profitable Award-Winning Math Enrichment Centre For Sale 盈利的获奖数学培训中心出售","","","S$50K - 100K","S$20K - 50K","N/A","S$30,000","","https://www.businessforsale.sg/businesses-for-sale/profitable-awardwinning-math-enrichment-centre-for-sale-42377",""
"Turnkey Automotive PPF, Car Wrapping & Coating Studio Business Opportunity","","","S$80,000","N/A","N/A","S$5,150","","https://www.businessforsale.sg/businesses-for-sale/turnkey-automotive-ppf-car-wrapping-coating-studio-business-opportunity-42378",""
"Established Luxury Travel Concierge Agency","","","No Takeover Fee","N/A","N/A","S$5,738","","https://www.businessforsale.sg/businesses-for-sale/established-luxury-travel-concierge-agency-38616",""
"What If Your Renovation Actually Went According To Plan?","","","S$500K - 1M","N/A","N/A","S$0","","https://www.businessforsale.sg/businesses-for-sale/what-if-your-renovation-actually-went-according-to-plan-42385",""
"Hair & Beauty Salon For Takeover In Prime Little India With Low Rent And Long Tenancy","","","Price On Request","N/A","N/A","S$1,100","","https://www.businessforsale.sg/businesses-for-sale/hair-beauty-salon-for-takeover-in-prime-little-india-with-low-rent-and-long-tenancy-42387",""
"Looking For Distributors – Local & International","","","Price On Request","N/A","N/A","S$3,500","","https://www.businessforsale.sg/businesses-for-sale/looking-for-distributors-local-international-42386",""
"📈 Profitable Asset-Light Enrichment Business | 430+ Students With 12+Yrs History","","","S$219,997","N/A","N/A","S$5,050","","https://www.businessforsale.sg/businesses-for-sale/profitable-assetlight-enrichment-business-430-students-with-12yrs-history-42381",""
"ExpoTube - World's Largest Online Expo on YouTube","","","S$500K - 1M","N/A","N/A","S$14,899","","https://www.businessforsale.sg/businesses-for-sale/expotube-worlds-largest-online-expo-on-youtube-32858",""
"Singapore Pei For Acquisition | Fresh 4-Year Erf Renewal Secured In 2025 | One Step Away EdutrustBugis S$500K - 1M","","","Price On Request","&gt; S$1M","","&gt; S$1M","","https://www.businessforsale.sg/choose-country",""
"🔥3 Months Trail ✅ Business Featured On Tv, Radio And Major Influencers!!!🔥","","","Under S$50K","N/A","N/A","S$6,100","","https://www.businessforsale.sg/businesses-for-sale/3-months-trail-business-featured-on-tv-radio-and-major-influencers-40463",""
"Tuition Site In Bedok North For Takeover _ FSSB Cleared _ Practically Renovated _ Low Rental","","","Price On Request","N/A","N/A","S$5,000","","https://www.businessforsale.sg/businesses-for-sale/tuition-site-in-bedok-north-for-takeover-fssb-cleared-practically-renovated-low-rental-42393",""
"30-Year BCA ME05 Electrical Engineering Company for Takeover / 30年 BCA ME05 电气工程公司转让","","","S$500,000(Neg.)","N/A","N/A","S$8,000","","https://www.businessforsale.sg/businesses-for-sale/30year-bca-me05-electrical-engineering-company-for-takeover-30-bca-me05-41933",""
"Singapore’s Premium Sparkling Tea Brand & Halal Champagne Alternative","","","S$50K - 100K","N/A","N/A","S$600","","https://www.businessforsale.sg/businesses-for-sale/singapores-premium-sparkling-tea-brand-halal-champagne-alternative-28398",""
"Fully Renovated Beauty Salon for Takeover in Central Area Shopping Mall","","","S$30,000(Neg.)","N/A","N/A","S$14,000","","https://www.businessforsale.sg/businesses-for-sale/fully-renovated-beauty-salon-for-takeover-in-central-area-shopping-mall-42403",""
"Indian Restaurant With Bar For Sale In Tanjong Katong Road","","","No Takeover Fee","S$45,000","N/A","S$3,052","","https://www.businessforsale.sg/businesses-for-sale/indian-restaurant-with-bar-for-sale-in-tanjong-katong-road-42182",""
"Investment Project Layer Chicken Farm Project In Indonesia Bintan Tg Pinang","","","S$9,000","N/A","S$7,000","S$8,600","","https://www.businessforsale.sg/businesses-for-sale/investment-project-layer-chicken-farm-project-in-indonesia-bintan-tg-pinang-41690",""
"Korean Cafe Urgent Sale In Orchard ! Great Potential ! Great Event Space !!!","","","S$50K - 100K","N/A","N/A","S$11,500","","https://www.businessforsale.sg/businesses-for-sale/korean-cafe-urgent-sale-in-orchard-great-potential-great-event-space-41920",""
"Established Tuition And Enrichment Center In Yishun For Sale - Lowest Rent in Singapore","","","S$55,000(Neg.)","N/A","N/A","S$6,000","","https://www.businessforsale.sg/businesses-for-sale/established-tuition-and-enrichment-center-in-yishun-for-sale-lowest-rent-in-singapore-42418",""
"Casual Pasta Business For Sale","","","S$108,000","N/A","N/A","S$8,800","","https://www.businessforsale.sg/businesses-for-sale/casual-pasta-business-for-sale-41591",""
"24/7 Private Movie / Games Room Business (3 outlets)","","","S$500K - 1M","N/A","N/A","S$6,000","","https://www.businessforsale.sg/businesses-for-sale/247-private-movie-games-room-business-3-outlets-37639",""
"$ Min.8%-12% Return Guaranteed $ 20 Years History $ Best & Rarest Opportunity You Should Not Missed","","","Under S$50K","N/A","N/A","S$3,500","","https://www.businessforsale.sg/businesses-for-sale/min812-return-guaranteed-20-years-history-best-rarest-opportunity-you-should-not-missed-34792",""
"Profitable E-Commerce Skincare & Beauty Business For Sale | 25.5% Net Margin | 41.6% Repeat Customer","","","$295,000","$40,100","N/A","S$11,000","","https://www.businessforsale.sg/businesses-for-sale/profitable-ecommerce-skincare-beauty-business-for-sale-255-net-margin-416-repeat-customer-42421",""
"Established Chinese Enrichment Franchise For Sale – Jurong East","","","S$150,000","N/A","N/A","S$11,000","","https://www.businessforsale.sg/businesses-for-sale/established-chinese-enrichment-franchise-for-sale-jurong-east-42313",""
"🔥 **F&B Business For Takeover – Potong Pasir Mrt** 🔥","","","S$70,000","N/A","N/A","S$5,150","","https://www.businessforsale.sg/businesses-for-sale/fb-business-for-takeover-potong-pasir-mrt-42423",""
"Interior Design & Renovation- Specialising In Gcb, Landed And Executive Clientele","","","S$200K - 500K","N/A","N/A","S$8,500","","https://www.businessforsale.sg/businesses-for-sale/interior-design-renovation-specialising-in-gcb-landed-and-executive-clientele-42146",""
"Profitable Facilities Services Business(5M Range Revenue)With Established Operations & Existing Team","","","S$2,300,000(Neg.)","N/A","N/A","S$0","","https://www.businessforsale.sg/businesses-for-sale/profitable-facilities-services-business5m-range-revenuewith-established-operations-existing-team-41271",""
"Business Sale - Scalable Bicycle/Mountain Bike Pro Shop","","","S$50K - 100K","N/A","S$20K - 50K","S$3,200","","https://www.businessforsale.sg/businesses-for-sale/business-sale-scalable-bicyclemountain-bike-pro-shop-42443",""
"Established Nail Salon In Central Area Shopping Mall – High Growth Potential","","","S$100K - 200K","N/A","N/A","S$2,000","","https://www.businessforsale.sg/businesses-for-sale/established-nail-salon-in-central-area-shopping-mall-high-growth-potential-42442",""
"Established Barber Business | ~30 Customers Daily | Team in Place","","","S$120,000(Neg.)","N/A","N/A","S$15,000","","https://www.businessforsale.sg/businesses-for-sale/established-barber-business-30-customers-daily-team-in-place-42220",""
"Singapore Furniture Showroom For Takeover – Profitable & Ready-To-Operate, 新加坡家具展厅转让","","","Price On Request","N/A","N/A","S$0","","https://www.businessforsale.sg/businesses-for-sale/singapore-furniture-showroom-for-takeover-profitable-readytooperate-42434",""
"One Of Singapore’S Largest Direct Renovation Contractors Seeking A Strategic Growth Partner","","","Price On Request","S$200K - 500K","N/A","S$8,000","","https://www.businessforsale.sg/businesses-for-sale/one-of-singapores-largest-direct-renovation-contractors-seeking-a-strategic-growth-partner-42229",""
"Established Barber Business | ~30 Customers Daily | Team in PlaceTampines S$120,000(Neg.)","","","$749,000","$85,800","","$85,800","","https://www.businessforsale.sg/choose-country",""
"Aluminium Window & Grille Manufacturer with IPs for Sale in Singapore! (Ready to flood market)","","","S$2,000,888(Neg.)","N/A","N/A","S$6,295","","https://www.businessforsale.sg/businesses-for-sale/aluminium-window-grille-manufacturer-with-ips-for-sale-in-singapore-ready-to-flood-market-32587",""
"Profitable Supply & Trading Business | 50+ Year Track Record | Trusted in Marine & Offshore Sectors","","","Price On Request","N/A","N/A","S$8,000","","https://www.businessforsale.sg/businesses-for-sale/profitable-supply-trading-business-50-year-track-record-trusted-in-marine-offshore-sectors-42108",""
"Profitable Preschool For Sale — Western Singapore, Near MRT","","","Price On Request","N/A","S$15,000","S$1,853","","https://www.businessforsale.sg/businesses-for-sale/profitable-preschool-for-sale-western-singapore-near-mrt-42471",""
"Profitable Lifestyle Bar & Bistro for Sale | Prime City-Fringe Location","","","Price On Request","N/A","N/A","S$9,500","","https://www.businessforsale.sg/businesses-for-sale/profitable-lifestyle-bar-bistro-for-sale-prime-cityfringe-location-42462",""
"Profitable E-Commerce Nightwear & Loungewear Business For Sale | 29.9% Net Margin","","","$749,000","$85,800","S$5K - 10K","S$5,700","","https://www.businessforsale.sg/businesses-for-sale/profitable-ecommerce-nightwear-loungewear-business-for-sale-299-net-margin-42457",""
"Profitable Tuition and Enrichment Centre for Takeover in Bedok North","","","S$25,000","N/A","N/A","S$40,700","","https://www.businessforsale.sg/businesses-for-sale/profitable-tuition-and-enrichment-centre-for-takeover-in-bedok-north-41847",""
"Office Furniture / Japandi Furniture Brand For Sale (Good Branding & Serious Seller)","","","S$80,000(Neg.)","N/A","N/A","S$1,700","","https://www.businessforsale.sg/businesses-for-sale/office-furniture-japandi-furniture-brand-for-sale-good-branding-serious-seller-42484",""
"10 Years Hair & Nails Salon In Katong For Sale","","","Price On Request","N/A","N/A","S$2,100","","https://www.businessforsale.sg/businesses-for-sale/10-years-hair-nails-salon-in-katong-for-sale-42474",""
"Premium Durian Retail, Online & Corporate Events Business","","","S$500K - 1M","S$500K-1M","N/A","S$5,800","","https://www.businessforsale.sg/businesses-for-sale/premium-durian-retail-online-corporate-events-business-42495",""
"Office Furniture / Japandi Furniture Brand For Sale (Good Branding & Serious Seller)","","","S$60,000(Neg.)","N/A","N/A","S$1,700","","https://www.businessforsale.sg/businesses-for-sale/office-furniture-japandi-furniture-brand-for-sale-good-branding-serious-seller-42484",""
"Established Veterinary Clinic For Sale — Growing Pet Care Demand","","","Price On Request","N/A","N/A","S$5,612","","https://www.businessforsale.sg/businesses-for-sale/established-veterinary-clinic-for-sale-growing-pet-care-demand-42507",""
"Australian Pharmaceutical Platform – High-Scale, High-Return OpportunityQueenstown S$100K - 200K","","","S$50,000(Neg.)","S$5K - 10K","","S$5K - 10K","","https://www.businessforsale.sg/choose-country",""
"🚀 AI Trading Platform – Looking for Strategic Partners","","","Price On Request","N/A","N/A","S$2,100","","https://www.businessforsale.sg/businesses-for-sale/ai-trading-platform-looking-for-strategic-partners-40361",""
"Thriving Tuition And Enrichment Center For Sale In East Coast Shopping Mall","","","S$50,000(Neg.)","S$5K - 10K","S$50K - 100K","S$1,800","","https://www.businessforsale.sg/businesses-for-sale/thriving-tuition-and-enrichment-center-for-sale-in-east-coast-shopping-mall-42516",""
"Fitness Empire For Sale: 8 Studios In Malaysia, 1 Studio In Singapore Bfb4709","","","S$1,300,000","N/A","N/A","S$2,100","","https://www.businessforsale.sg/businesses-for-sale/fitness-empire-for-sale-8-studios-in-malaysia-1-studio-in-singapore-bfb4709-42519",""
"Pre And Post Natal Spa And Beauty For Sale","","","S$990,000(Neg.)","S$50K - 100K","Under S$5K","S$2,450","","https://www.businessforsale.sg/businesses-for-sale/pre-and-post-natal-spa-and-beauty-for-sale-38854",""
"Over 30000 Outlets Bubble Tea And Fruit Tea Shop Looking For Partner","","","S$100,000","N/A","S$5K - 10K","S$10,000","","https://www.businessforsale.sg/businesses-for-sale/over-30000-outlets-bubble-tea-and-fruit-tea-shop-looking-for-partner-36990",""
"📈 Premium Mall Preschool + Co-Located Student Care, Central SG | ~$320K Ebitda","","","S$1,500,000(Neg.)","N/A","N/A","S$31,999","","https://www.businessforsale.sg/businesses-for-sale/premium-mall-preschool-colocated-student-care-central-sg-320k-ebitda-41789",""
"Turnkey Landed Childcare & Infant Care Centre In East Coast | Clear Upside Potential","","","S$450,000(Neg.)","N/A","N/A","S$65,000","","https://www.businessforsale.sg/businesses-for-sale/turnkey-landed-childcare-infant-care-centre-in-east-coast-clear-upside-potential-42100",""
"Looking To Acquire A Childcare Or Education Business In Singapore?","","","Price On Request","N/A","N/A","S$13,000","","https://www.businessforsale.sg/businesses-for-sale/looking-to-acquire-a-childcare-or-education-business-in-singapore-41620",""
"Business Opportunity For Sale – Established Video & Content Studio","","","S$25,000(Neg.)","N/A","N/A","S$6,000","","https://www.businessforsale.sg/businesses-for-sale/business-opportunity-for-sale-established-video-content-studio-42530",""
"Profitable Dessert Takwaway Shop For Sales","","","Price On Request","N/A","N/A","S$4,360","","https://www.businessforsale.sg/businesses-for-sale/profitable-dessert-takwaway-shop-for-sales-42529",""
"Established Picture Framing Workshop In The East – 30+ Years Of Loyal Clientele","","","Price On Request","N/A","S$10K - 20K","S$6,500","","https://www.businessforsale.sg/businesses-for-sale/established-picture-framing-workshop-in-the-east-30-years-of-loyal-clientele-42526",""
"ECO ADVENTURE PARK – OPERATOR / PARTNER OPPORTUNITY (JOHOR)","","","S$2,900(Neg.)","N/A","N/A","S$3,500","","https://www.businessforsale.sg/businesses-for-sale/eco-adventure-park-operator-partner-opportunity-johor-35492",""
"For Singaporeans To Co-Own A Good Profitable Biz And Enjoy Good Passive IncomeUBI S$10,000","","","S$150,000(Neg.)","S$45,000","","S$45,000","","https://www.businessforsale.sg/choose-country",""
"Ai-Powered Outbound Sales Tool For Sale – Scale This Innovative Startup","","","Price On Request","N/A","N/A","S$850","","https://www.businessforsale.sg/businesses-for-sale/aipowered-outbound-sales-tool-for-sale-scale-this-innovative-startup-42540",""
"Exclusive Investment Opportunity 独家投资机会: High-Tech Brain Training Programme 高科技脑力训练项目","","","S$50,000","N/A","N/A","S$27,000","","https://www.businessforsale.sg/businesses-for-sale/exclusive-investment-opportunity-hightech-brain-training-programme-42538",""
"Established Furniture Store Partnership For Sale In Marine Parade","","","S$100K - 200K","S$20K - 50K","N/A","S$20,000","","https://www.businessforsale.sg/businesses-for-sale/established-furniture-store-partnership-for-sale-in-marine-parade-42531",""
"20% Equity In US Healthcare Saas Platform For $400K","","","S$450","N/A","N/A","S$8,207","","https://www.businessforsale.sg/businesses-for-sale/20-equity-in-us-healthcare-saas-platform-for-400k-42561",""
"Laundromat Business For Sale In Prime Toa Payoh Location","","","Price On Request","N/A","N/A","S$7,500","","https://www.businessforsale.sg/businesses-for-sale/laundromat-business-for-sale-in-prime-toa-payoh-location-42569",""
"Yishun Tuition Centre For Sale / Takeover 义顺补习中心转让","","","S$40,000(Neg.)","N/A","N/A","S$1,800","","https://www.businessforsale.sg/businesses-for-sale/yishun-tuition-centre-for-sale-takeover-42565",""
"Fully-Built Singapore Storage Seeking Global Investor, Headed By Ex-Ceo Of S$15M Co, Remotely Manage","","","S$122,500","N/A","N/A","S$4,700","","https://www.businessforsale.sg/businesses-for-sale/fullybuilt-singapore-storage-seeking-global-investor-headed-by-exceo-of-s15m-co-remotely-manage-42384",""
"“Established, High-Traffic Restaurant With Proven Earnings”","","","S$249,490(Neg.)","N/A","S$15,000","S$4,000","","https://www.businessforsale.sg/businesses-for-sale/established-hightraffic-restaurant-with-proven-earnings-38630",""
"Highly Profitable Childcare In East Singapore | 10+ Years In Operations | Independent BrandEast Coast Price On Request","","","S$200K - 500K","S$50K - 100K","","S$50K - 100K","","https://www.businessforsale.sg/choose-country",""
"Profitable E-Commerce Fashion & Lifestyle Business For Sale | Asset-Light & Scalable","","","$275,000","$56,250","N/A","S$10,300","","https://www.businessforsale.sg/businesses-for-sale/profitable-ecommerce-fashion-lifestyle-business-for-sale-assetlight-scalable-42467",""
"Singapore Beauty, Wellness & Aromatherapy Brand Growth Platform","","","S$500,000(Neg.)","N/A","N/A","S$8,600","","https://www.businessforsale.sg/businesses-for-sale/singapore-beauty-wellness-aromatherapy-brand-growth-platform-42451",""
"Online Expo @ Youtube | 50+ Country Channels | 100M+ subscribers 全球最大的线上博览频道 | 50个国家频道","","","S$500K - 1M","N/A","N/A","S$6,295","","https://www.businessforsale.sg/businesses-for-sale/online-expo-youtube-50-country-channels-100m-subscribers-50-42557",""
"For Singaporeans To Co-Own A Good Profitable Biz And Enjoy Good Passive Income","","","S$10,000","N/A","N/A","S$7,000","","https://www.businessforsale.sg/businesses-for-sale/for-singaporeans-to-coown-a-good-profitable-biz-and-enjoy-good-passive-income-41429",""
"Profitable Pet Care And Grooming Shop For Takeover","","","S$100,000(Neg.)","S$150,000","N/A","S$20,000",,"https://www.businessforsale.sg/businesses-for-sale/profitable-pet-care-and-grooming-shop-for-takeover-42597",
"Growing Hospitality Group Seeking Strategic Investor in Marine Parade","","","S$2,400,000(Neg.)","N/A","S$28,000","S$5,000",,"https://www.businessforsale.sg/businesses-for-sale/growing-hospitality-group-seeking-strategic-investor-in-marine-parade-42598",
