"Name","LastKnownName","UEN","SocietyRegisteredAddress","RegisteredDate"
"Art Therapists' Association (Singapore)","ATAS","T08SS0173G","60 PAYA LEBAR ROAD, #06-28 PAYA LEBAR SQUARE, Singapore 409051","2008-08-28"
"Hougang Assembly of God Church","","S87SS0098K","60 PAYA LEBAR ROAD, #06-28 PAYA LEBAR SQUARE, Singapore 409051","1987-11-27"
"RiceAid Society","","T26SS0163J","8 TEMASEK BOULEVARD, #42-01 SUNTEC TOWER THREE, Singapore 038988","2026-09-03"
"South China Normal University Alumni Association (Singapore)","","T26SS0161F","62 UBI ROAD 1, #08-16 OXLEY BIZHUB 2, Singapore 408734","2026-09-03"
"SRE ALLIANCE","","T26SS0160K","9 HOW SUN DRIVE, #03-19 THE GAZANIA, Singapore 538533","2026-09-03"
"Stride Serve Lead","","T26SS0164E","81 JALAN LEBAN, SEMBAWANG HILLS ESTATE, Singapore 577618","2026-09-03"
"Xiu Yuan Association","","T26SS0162B","1 TAMPINES NORTH DRIVE 1, #08-52 T-SPACE, Singapore 528559","2026-09-03"
"Good Gifts City Church","Hope Sanctuary","S97SS0173C","994 BENDEMEER ROAD, #02-02 B CENTRAL, Singapore 339943","1997-12-12"
"Pasir Ris Zone 9 Residents' Network","Pasir Ris Zone `9' Residents' Committee","S95SS0019C","247 PASIR RIS STREET 21, #01-145 , Singapore 510247","1995-01-27"
"University of Michigan Alumni (Singapore)","","S95SS0087B","5 UPPER ALJUNIED LINK, #06-02 QUARTZ INDUSTRIAL BUILDING, Singapore 367903","1995-08-29"
"Wen Yi Dragon And Lion Dance Athletic Association ","Wen Yi Athletic Association (Singapore) ","T25SS0096E","10 BUROH STREET, #09-14 WEST CONNECT BUILDING, Singapore 627564","2025-07-03"
"Pattern Recognition and Machine Intelligence Association","","T04SS0041L","60 ALBERT STREET, #10-06 OG ALBERT COMPLEX, Singapore 189969","2004-02-12"
"Asia Scholastic Sports and Arts Alliance","","T26SS0165A","60 PAYA LEBAR ROAD, #06-28 PAYA LEBAR SQUARE, Singapore 409051","2026-09-10"
"Harbour Craft and Port Services Association of Singapore","","T26SS0167D","182 PANDAN LOOP, Singapore 128373","2026-09-10"
"SHENG HONG DRAGON & LION DANCE ASSOCIATION ","","T26SS0166H","1 CORPORATION DRIVE, #09-19 REVV, Singapore 619775","2026-09-10"
"Society of Tourist Guides (Singapore)","","T03SS0148B","73 DUNLOP STREET, #03-01 , Singapore 209401","2003-10-15"
"Ling Shan Qi Yin Tan","","T21SS0080D","80 GENTING LANE, #11-06A RUBY INDUSTRIAL COMPLEX, Singapore 349565","2021-05-11"
"Spanish Speaking Women's Association (Asociacion De Damas De Habla Espanola)","","S78SS0054H","110 SOPHIA ROAD, #01-02 1919, Singapore 228175","1978-10-18"
"St Patrick's Society, Singapore","","S64SS0006G","51 GOLDHILL PLAZA, #22-02 GOLDHILL PLAZA, Singapore 308900","1964-03-21"
"Ayya Singai Muniyandi (ASM)","","T19SS0120B","60 PAYA LEBAR ROAD, #06-28 PAYA LEBAR SQUARE, Singapore 409051","2019-06-24"
"Confucianism Society (Singapore)","","T00SS0149E","8 BEDOK RESERVOIR VIEW, #04-20 THE CLEARWATER, Singapore 479235","2000-06-15"
"International Zheng He Society","International Zhenghe Society","T03SS0040K","12 HOOT KIAM ROAD, Singapore 249396","2003-01-09"
"Angkatan Islam Singapura (Angkasa)","Angkatan Islam","S58SS0006B","60 PAYA LEBAR ROAD, #06-28 PAYA LEBAR SQUARE, Singapore 409051","1958-08-06"
"New Field Church","Light and Light Ye Su Church","T18SS0005J","2 KALLANG AVENUE, #03-16 CT HUB, Singapore 339407","2018-01-09"
"Singapore National Institute Of Chemistry","","S70SS0010H","3 SCIENCE DRIVE 3, #03-08 NATIONAL UNIVERSITY OF SINGAPORE, Singapore 117552","1970-01-30"
"Team Players Choice Sports Club (Singapore)","","T09SS0200B","994 BENDEMEER ROAD, #01-04 B CENTRAL, Singapore 339943","2009-09-25"
"FERTILITY SUPPORT SG","I Love Children","T05SS0233G","22 SIN MING LANE, #06-76 MIDVIEW CITY, Singapore 573969","2005-09-07"
"NANYANG TECHNOLOGICAL UNIVERSITY ASTRONOMICAL SOCIETY","Astronomical Society of the Nanyang Technological University, The","S91SS0059C","42 NANYANG AVENUE, #04-02 NANYANG TECHNOLOGICAL UNIVERSITY (STUDENT SERVICES CENTRE), Singapore 639815","1991-06-21"
" Yuhua Citizens' Consultative Committee","Yuhua Constituency Citizens' Consultative Committee","S85SS0103K","90 Boon Lay Way, Singapore 609958","1985-09-10"
"East China University of Science and Technology Alumni Association (Singapore)","","T26SS0170D","16 TUAS STREET, Singapore 638453","2026-09-17"
"Leong's Clan General Association, Singapore","","S50SS0002L","61 ROWELL ROAD, DESKER ROAD CONSERVATION AREA, Singapore 208004","1950-05-10"
"Philippine Institute of Chemical Engineers - Singapore Chapter","","T26SS0169G","400 ORCHARD ROAD, #05-08 ORCHARD TOWERS, Singapore 238875","2026-09-17"
"Rotary Club of Singapore Sports and Arts","","T26SS0168L","3 MOUNT ELIZABETH, #04-05 MOUNT ELIZABETH HOSPITAL/MEDICAL CENTRE, Singapore 228510","2026-09-17"
"Yuhua Zone 2 Residents' Network","Yuhua Zone `2' Residents' Committee","S84SS0123D","90 Boon Lay Way, Singapore 609958","1984-11-26"
"Yuhua Zone 3 Residents' Network","Yuhua Zone `3' Residents' Committee","S84SS0124L","90 Boon Lay Way, Singapore 609958","1984-11-26"
"Yuhua Zone 4 Residents' Network","Yuhua Zone `4' Residents' Committee","S85SS0108A","90 Boon Lay Way, Singapore 609958","1985-10-15"
"Yuhua Zone 6 Residents' Network","Yuhua Zone `6' Residents' Committee","S94SS0136L","90 Boon Lay Way, Singapore 609958","1994-08-25"
"Yuhua Zone 7 Residents' Network","Yuhua Zone `7' Residents' Committee","S84SS0083K","90 Boon Lay Way, Singapore 609958","1984-04-07"
