"Description","Link"
"What if we could visualize abstract algebra? In this paper, Rekha Biswal and Axiom Math staff bridge the gap between complex Lie algebra decompositions and visual combinatorics. By proving that certain algebraic sequences are always positive, they show these abstract structures can be mapped out with simple, geometric models like ""Dyck paths"".  AxiomProver autonomously produced and verified the theorems in Lean/mathlib.","https://arxiv.org/abs/2604.25246"
"Yifeng Huang introduces a method to analyze geometric structures called Dyck paths, proving that certain calculations within these models remain stable and finite. This stability is essential for understanding the underlying geometry of complex mathematical curves. AxiomMath assisted Huang by using the Axiom Prover system to autonomously formalize the paper’s primary theorem into a machine-verifiable proof. This partnership demonstrates a reliable process for using AI to certify the logic of human-led research, bridging the gap between mathematical discovery and formal verification.","https://arxiv.org/abs/2604.13238"
"This paper centers on the great Srinivasa Ramanujan’s mysterious tau function, asking how often it can take prime values. Assuming the abc conjecture, it shows that such prime values are extraordinarily rare, missing almost all primes, while still suggesting a sparse infinity may remain. AxiomProver autonomously proved the main engine and autoformalized it in Lean.","https://arxiv.org/abs/2603.29970"
"This paper sits at the crossroads of geometry and dynamics, studying which rational triangles give rise to especially symmetric billiard surfaces. Building on the Mirzakhani–Wright obstruction, named in part for Fields Medalist Maryam Mirzakhani, it shows that such triangles are extraordinarily rare. AxiomProver autoformalized the main engine in Lean.","https://arxiv.org/abs/2603.23928"
"This paper sits in the landscape of number theory inspired by Fermat’s Last Theorem. It is in algebraic number theory, focusing on the subtle ways prime numbers shape the arithmetic of cyclotomic fields and Bernoulli numbers. It proves that almost every prime avoids a large initial range of the obstructions that cause classical irregularity, with consequences for class groups, modular forms, and algebraic K-theory. AxiomProver autonomously proved the main theorem and autoformalized it in Lean.","https://arxiv.org/abs/2602.05090"
"This paper lies in geometry and dynamics, studying how flat structures on spheres and tori split into different families. It turns a previously conditional classification into a complete theorem by proving the missing number-theoretic step. AxiomProver autonomously found the key proof idea and autoformalized the central combinatorial condition in Lean.","https://arxiv.org/abs/2602.03722"
"This paper sits in commutative algebra, studying the hidden structure of numerical semigroups through the relations inside their associated rings. It settles a conjecture of Leonid Fel by giving a complete general formula and showing why it works. AxiomProver autonomously proved the result and autoformalized it in Lean.","https://arxiv.org/abs/2602.03716"
"This paper sits at the intersection of machine learning and mathematics, using the Collatz sequence to examine what transformers actually learn when performing difficult arithmetic computations. It shows that, although accuracy varies sharply with the numeral base, all models learn the same underlying structure: classes of inputs determined by powers of 2 and the loop lengths built into the computation. The paper gives a mathematically interpretable account of both success and failure, showing that most errors come from misjudging how long the computation should run rather than from producing arbitrary outputs.","https://arxiv.org/abs/2511.10811"
"Axiom Staff study reciprocal sums built from partition “subsum polynomials,” addressing ten conjectures posed by Ballantine, Beck, Feigon, and Maurischat. They prove six of the conjectures using elementary number theory and cyclotomic polynomials, while AxiomProver autonomously produced Lean/mathlib formalizations of the proofs and discovered a counterexample to one statement as originally posed.","https://arxiv.org/abs/2605.21718"
"Axiom Math Staff and Harvard Business School Professor Scott Duke Kominers use Lean to formalize Nobel laureate Robert Aumann’s classic theorem on why rational agents with shared beliefs cannot have common knowledge that they disagree. The paper treats the theorem as a case study in “assumption accounting”: showing how formal proof can verify a familiar argument while also exposing exactly which economic and mathematical assumptions make the conclusion possible.","https://papers.ssrn.com/sol3/papers.cfm?abstract_id=6837298"
"Motivated by a broad question about the potential of AI-assisted mathematics, this work investigates whether an AI system can help discover and certify an explicit bijection between two infinite sequences of complicated combinatorial sets already known to be equinumerous. The challenge requires finding a reversible structure that explains this equality uniformly across the sequence. Providing an affirmative test case within a partition problem introduced by Andrews and Dhar, a residue-class equidistribution theorem is proved to identify a ""canonical third"" subset. Through human-AI collaboration, the required bijection is constructed as a highly structured composition of four maps. The equidistribution theorem itself was autonomously produced by Axiom Prover and formally verified in Lean, demonstrating how collaborative workflows can uncover and formalize deep structural symmetries.","https://arxiv.org/abs/2606.05117"
"Bernhard Heim and Markus Neuhauser study Nekrasov–Okounkov polynomials that arise from the hook-length formula of Fields Medalist Andrei Okounkov and Nikita Nekrasov. Extending the classical Frame–Robinson–Thrall hook formulas, these polynomials link representation theory with modular forms. The paper proves that each Nekrasov–Okounkov polynomial has a unique zero of maximal modulus by translating the problem into Perron–Frobenius theory for an explicit Hessenberg matrix. It also presents Challenge 3, asking for a conceptual proof of a key positivity theorem. K. Ono’s appendix provides this proof, which was generated and verified autonomously by AxiomProver in Lean.","https://arxiv.org/abs/2606.15394"
"Motivated by central problems regarding zeta and multi-zeta functions, in 2009, Dinesh Thakur posed three conjectural hypotheses concerning the degrees of finite field function field power sums. Here we prove Hypotheses H1 and H2 for prime fields, giving a unique greedy description of the extremal term in Carlitz’s formula and establishing the recursion predicted by Thakur. We also prove Hypothesis H3 outright over all finite fields, establishing a monotonicity theorem for these power sums. As consequences, these results recover the strict Newton-polygon convexity used in the Carlitz–Goss Riemann hypothesis over prime fields and Thakur’s nonvanishing theorem for positive function-field multizeta values. AxiomProver generated and verified these results in Lean.","https://arxiv.org/abs/2606.16239"
"Axiom Math staff mathematicians and Professor Claudia Alfes (U. Bielefeld) have provided the complete function theory for a mathematical challenge dating back to Freeman Dyson in 1944. Dyson originally introduced his ""rank"" statistic to explain the celebrated integer partition congruences discovered by Srinivasa Ramanujan. While the analytic framework for this foundational m=1 case was famously solved in a 2010 Annals of Mathematics paper, the structure governing the higher Dyson systems for all integers m>1 remained a difficult open problem. The new paper successfully establishes the explicit analytic framework for all of these remaining cases. AxiomProver played a key role in the discovery process, helping to formulate, formalize, and strictly verify the complex algebraic steps in Lean.","https://arxiv.org/abs/2607.13159"
"Axiom Math staff mathematicians have solved an open problem posed by MIT Professor Richard Stanley—widely regarded as the greatest combinatorialist of the last century—and his collaborators. The problem asks for a finer way to count alternating permutations, whose entries repeatedly rise and fall, according to the ordered pattern formed by their successive records.
The paper gives an explicit formula for these refined counts and explains their natural connection to noncommutative symmetric functions. It also extends the underlying mechanism to a broad family of combinatorial structures arising from exponential generating functions. The results show how information lost when parts are treated as an unordered partition can be recovered by passing to ordered compositions and a noncommutative setting.
The main results were autonomously produced and formally verified in Lean by AxiomProver from natural-language statements of the theorems, providing another demonstration of its ability to carry out research-level mathematics. The paper also marks a special milestone for Axiom Math: it is the first research paper of one of our staff mathematicians.","https://arxiv.org/abs/2607.12873"
"Axiom Math staff mathematicians have studied a 2008 conjecture of Amdeberhan, Medina, and Moll concerning the sequence obtained by taking the tangent of the running sum arctan  1 + arctan ⁡2 + ⋯ + arctan ⁡n. The first four values are integers, but the conjecture predicts that no integer values occur thereafter. The paper proves that any later integer value, if one exists, must be extraordinarily large, and uses this to show that the conjecture is true for almost every value of n. The argument combines classical ideas from number theory, including Gaussian integers, factorization, divisibility, and estimates for prime numbers, to turn the problem into a sharp arithmetic obstruction. This improves the previously known result from about 15% of cases to all but a logarithmically sparse exceptional set. Most significantly, the main results were 100% autonomously produced and verified in Lean by AxiomProver from natural-language statements of the results, demonstrating AxiomProver’s ability to carry out research-level mathematics in number theory.","https://arxiv.org/abs/2607.05739"
"Axiom Math mathematicians formalized significant foundational material in the theory of q-series, a central language connecting partition theory, modular forms, representation theory, and mathematical physics. Formalization means translating mathematical definitions, theorems, and proofs into a proof assistant so that every logical step is checked by machine; this matters because it turns difficult mathematics into reusable, verifiable infrastructure for future research. The paper develops the foundations needed to work rigorously with q-series in Lean and applies them to two landmark results: the Jacobi Triple Product formula and the Rogers–Ramanujan identities. These theorems are both historical benchmarks for the subject and demanding tests for formal proof systems. AxiomProver handled the development and verification of the Lean formal artifact, demonstrating its ability to carry out research-level formal mathematics in a deep classical area.","https://arxiv.org/abs/2607.01544"
"Axiom Math staff mathematicians have proved the structural core of a recent conjecture of Guo-Niu Han and Huan Xiong on Gaussian binomial coefficients of fractional index. Han and Xiong extended these classical polynomials to fractional upper index, took the integer trace of the resulting series by discarding the fractional powers, and conjectured that the trace is coefficientwise maximal when the index is one-half. They confirmed this in low degree and along two infinite families of parameters. The new paper proves a single support-dominance theorem that subsumes all of their cases: it settles the conjecture on the entire half-line above one-half, for fractions of arbitrary denominator, and collapses the full two-parameter problem over all positive rationals onto one canonical sequence of unit fractions, only finitely many of which are nontrivial in each degree. What remains of the conjecture is now a single sequence rather than a two-parameter family. AxiomProver autonomously produced, formalized, and verified these results in Lean.","https://arxiv.org/abs/2608.00323"
"Axiom Math staff mathematicians have answered a question Alexander Berkovich and Ali Uncu asked back in 2016. Take a number and break it into distinct decreasing pieces, then tally the odd pieces two ways: by whether each one sits in an odd or an even position, or by whether each one leaves a remainder of 1 or 3 on division by 4. Berkovich and Uncu found that the two tallies give the same number.  Pick any pair of target counts you like, and the same number of partitions hits it either way. Their proof is analytic, and is based on generating functions, which confirm that the totals agree without ever saying which partition goes with which. They wanted more. They asked whether someone could pair them off directly. This new paper provides the answer. It builds the pairing in four steps, each a familiar move from the classical theory, and it runs just as easily backwards: hand it a partition of either kind and it hands back the partner. AxiomProver autonomously formalized and verified the proof in Lean.","https://arxiv.org/abs/2608.05142"
"Axiom Math staff mathematicians have proved the first new layer of a conjecture of Yifeng Huang, Ruofan Jiang, and Alexei Oblomkov. Their conjecture begins with a plane curve — one variable raised to a power, set equal to another variable raised to a different power — and counts, over each finite field, the pairs of commuting nilpotent matrices that satisfy it. Bundle those counts together and they form an infinite series, which the conjecture says always folds into an explicit product, essentially a modular function. Sum-equals-product statements of this kind are Rogers–Ramanujan identities, and for a century they have come out of representation theory and symmetric functions; this conjecture says geometry produces them too. When the first exponent is two, the identities are the classical ones of Rogers, Ramanujan, Andrews, and Gordon. Above two, nothing was known. The new paper proves the exponent-three case in full, for every partner exponent at once: a new infinite family of Rogers–Ramanujan identities, and a geometric source for products Warnaar had reached by other means. AxiomProver verified the new identities in Lean, taking the published literature as given.","https://arxiv.org/abs/2608.05480"
"Axiom Math staff mathematicians, together with Richard E Schwartz and Dinesh Thakur, have analyzed the famous Kaprekar routine for four digits in all odd bases. The Kaprekar routine was a popular piece of recreational mathematics, in which one could start with a four decimal digits (not all the same), arrange the digits in descending and ascending order, take the difference, and then repeat. In base 10, this always ends at the magic number 6174. Previously, much less was known about the behavior for other bases. This new paper resolves the case of odd bases completely for four digits. It shows that a cycle is entered in at most four steps and computes the shape of all terminal cycles that could arise. The main technique of the paper is a careful labeling under which the Kaprekar operation can be recast as a projective doubling.","https://arxiv.org/abs/2606.20439"
"Axiom Math staff together with Yifeng Huang and Peter Paule have proved the first four non-trivial cases of the Huang–Jiang–Oblomkov conjecture. The classical Rogers–Ramanujan identities equate infinite q-series governed by quadratic forms to infinite products with modular symmetry, but finding the structures that generate such families remains a fundamental challenge. The conjecture proposes a powerful new origin in algebraic geometry: counts of commuting nilpotent matrix pairs on plane curve singularities x^a=y^b naturally yield broad families of these identities. Focusing on the a=3 layer, the team proved a finer sum-to-sum identity that settles the conjecture for b=4,5,7, and 8. AxiomProver formalized and verified these algebraic identities in Lean, providing an end-to-end formal certificate for the proofs.","https://arxiv.org/abs/2608.15219"
"Axiom Math staff mathematicians have proved a conjecture from 2010 on the parity of the partition function. Count the ways to break a number into a sum of positive integers and you get p(n); ask only whether that count is even or odd and you hit one of the most stubborn walls in the subject. The conjecture picks out a thin quadratic sliver of the integers — the values (Dm² + 1)/24, for squarefree D congruent to 23 mod 24 — and predicts that even and odd both keep appearing along it forever. For linear progressions this was settled years ago. For anything of degree two or higher, nothing was known at all. The new paper proves the quadratic case, and does it with geometry: the parity question is converted into a question about special points on a curve, and modulo 2 those points stubbornly refuse to collide. What survives is an obstruction that neither an all-even nor an all-odd pattern could live with. AxiomProver formalized and verified the algebraic identities at the heart of the paper in Lean.","https://arxiv.org/abs/2509.09553"
