"Link","Title"
"https://github.com/#start-of-content","Skip to content"
"https://github.com/",""
"https://github.com/login?return_to=https%3A%2F%2Fgithub.com%2F0xsimao%2Faudits","Sign in"
"https://github.com/features/copilot","GitHub CopilotWrite better code with AI"
"https://github.com/features/spark","GitHub SparkBuild and deploy intelligent apps"
"https://github.com/features/models","GitHub ModelsManage and compare prompts"
"https://github.com/mcp","MCP RegistryNewIntegrate external tools"
"https://github.com/features/actions","ActionsAutomate any workflow"
"https://github.com/features/codespaces","CodespacesInstant dev environments"
"https://github.com/features/issues","IssuesPlan and track work"
"https://github.com/features/code-review","Code ReviewManage code changes"
"https://github.com/security/advanced-security","GitHub Advanced SecurityFind and fix vulnerabilities"
"https://github.com/security/advanced-security/code-security","Code securitySecure your code as you build"
"https://github.com/security/advanced-security/secret-protection","Secret protectionStop leaks before they start"
"https://github.com/why-github","Why GitHub"
"https://docs.github.com","Documentation"
"https://github.blog","Blog"
"https://github.blog/changelog","Changelog"
"https://github.com/marketplace","Marketplace"
"https://github.com/features","View all features"
"https://github.com/enterprise","Enterprises"
"https://github.com/team","Small and medium teams"
"https://github.com/enterprise/startups","Startups"
"https://github.com/solutions/industry/nonprofits","Nonprofits"
"https://github.com/solutions/use-case/app-modernization","App Modernization"
"https://github.com/solutions/use-case/devsecops","DevSecOps"
"https://github.com/solutions/use-case/devops","DevOps"
"https://github.com/solutions/use-case/ci-cd","CI/CD"
"https://github.com/solutions/use-case","View all use cases"
"https://github.com/solutions/industry/healthcare","Healthcare"
"https://github.com/solutions/industry/financial-services","Financial services"
"https://github.com/solutions/industry/manufacturing","Manufacturing"
"https://github.com/solutions/industry/government","Government"
"https://github.com/solutions/industry","View all industries"
"https://github.com/solutions","View all solutions"
"https://github.com/resources/articles?topic=ai","AI"
"https://github.com/resources/articles?topic=software-development","Software Development"
"https://github.com/resources/articles?topic=devops","DevOps"
"https://github.com/resources/articles?topic=security","Security"
"https://github.com/resources/articles","View all topics"
"https://github.com/customer-stories","Customer stories"
"https://github.com/resources/events","Events webinars"
"https://github.com/resources/whitepapers","Ebooks reports"
"https://github.com/solutions/executive-insights","Business insights"
"https://skills.github.com","GitHub Skills"
"https://support.github.com","Customer support"
"https://github.com/orgs/community/discussions","Community forum"
"https://github.com/trust-center","Trust center"
"https://github.com/partners","Partners"
"https://github.com/resources","View all resources"
"https://github.com/sponsors","GitHub SponsorsFund open source developers"
"https://securitylab.github.com","Security Lab"
"https://maintainers.github.com","Maintainer Community"
"https://github.com/accelerator","Accelerator"
"https://stars.github.com","GitHub Stars"
"https://archiveprogram.github.com","Archive Program"
"https://github.com/topics","Topics"
"https://github.com/trending","Trending"
"https://github.com/collections","Collections"
"https://github.com/features/copilot/copilot-business","Copilot for BusinessEnterprise-grade AI features"
"https://github.com/premium-support","Premium SupportEnterprise-grade 24/7 support"
"https://github.com/pricing","Pricing"
"https://docs.github.com/search-github/github-code-search/understanding-github-code-search-syntax","Search syntax tips"
"https://github.com/signup?ref_cta=Sign+up&amp;ref_loc=header+logged+out&amp;ref_page=%2F%3Cuser-name%3E%2F%3Crepo-name%3E&amp;source=header-repo&amp;source_repo=0xsimao%2Faudits","Sign up"
"https://github.com/0xsimao","0xsimao"
"https://github.com/0xsimao/audits","audits"
"https://github.com/login?return_to=%2F0xsimao%2Faudits","Notifications"
"https://github.com/0xsimao/audits/issues","Issues 0"
"https://github.com/0xsimao/audits/pulls","Pull requests 0"
"https://github.com/0xsimao/audits/actions","Actions"
"https://github.com/0xsimao/audits/projects","Projects"
"https://github.com/0xsimao/audits/security","Security and quality 0"
"https://github.com/0xsimao/audits/pulse","Insights"
"https://github.com/0xsimao/audits/branches","Branches"
"https://github.com/0xsimao/audits/tags","Tags"
"https://github.com/0xsimao/audits/commits/main/","32 Commits"
"https://github.com/0xsimao/audits/tree/main/img","img"
"https://github.com/0xsimao/audits/blob/main/.DS_Store",".DS_Store"
"https://github.com/0xsimao/audits/blob/main/2025-03-14-felix.pdf","2025-03-14-felix.pdf"
"https://github.com/0xsimao/audits/blob/main/2025-05-12-yieldoor.pdf","2025-05-12-yieldoor.pdf"
"https://github.com/0xsimao/audits/blob/main/2025-06-20-yieldoor.pdf","2025-06-20-yieldoor.pdf"
"https://github.com/0xsimao/audits/blob/main/2025-06-23-yieldoor.pdf","2025-06-23-yieldoor.pdf"
"https://github.com/0xsimao/audits/blob/main/2025-11-28-spirit-protocol.pdf","2025-11-28-spirit-protocol.pdf"
"https://github.com/0xsimao/audits/blob/main/README.md","README.md"
"https://github.com/#introduction",""
"https://www.0xsimao.com/","0xSimao"
"https://audits.sherlock.xyz/watson/0x73696d616f","$600K+"
"https://audits.sherlock.xyz/leaderboards","2nd Place"
"https://www.blackthorn.xyz/team","Blackthorn"
"https://threesigma.xyz/","Three Sigma"
"https://www.0xsimao.com/the-contest-academy","Contest Academy"
"https://t.me/OxSimao","Request an Audit"
"https://github.com/#private-audits",""
"https://github.com/maple-labs/maple-core-v2/blob/main/audits/2025-november/Sherlock-Maple-Finance-WM-Nov-2025.pdf","Report"
"https://github.com/maple-labs/maple-core-v2/blob/main/audits/2025-sept-governor-timelock/Sherlock-Maple-Finance-timelock-Sept-2025.pdf","Report"
"https://github.com/morpho-org/vault-v2/blob/main/audits/2025-09-15-blackthorn.pdf","Report"
"https://1503334455-files.gitbook.io/~/files/v0/b/gitbook-x-prod.appspot.com/o/spaces%2FpUhQzPJGdJzuLTQ5sCym%2Fuploads%2F8gq6et5OGqJHJGphqav6%2FSherlock-%20Audit%20report%20on%20USD0%2B%2B%20upgrade%20(Burn%20Redemption%20Mechanism).pdf?alt=media&amp;token=27674355-9c34-496e-970d-723f522221fa","Report"
"https://1570492309-files.gitbook.io/~/files/v0/b/gitbook-x-prod.appspot.com/o/spaces%2FffzDCMBDa391vIMqruBP%2Fuploads%2FUKDtjc6Dkn6P6i35j5H1%2FManaged%20Leverage%20Vaults%20v0%20private%20audit%20Sherlock.pdf?alt=media&amp;token=c7304efa-8040-4ed0-9a98-dc949af28a85","Report"
"https://github.com/1inch/1inch-audits/blob/master/Fees%20for%20LO%20and%20Fusion%20V1/Fee%20flow%20v1-Sherlock.pdf","Report"
"https://4221781861-files.gitbook.io/~/files/v0/b/gitbook-x-prod.appspot.com/o/spaces/LXNTW9blcTeiKZrMFhab/uploads/QMsETA4dRNo2auiUSeOX/AIDa%20Vault%20Audit_20250411.pdf?alt=media&amp;token=5e2f84ea-9698-4fa7-81ef-503771d234aa","Report"
"https://drive.google.com/file/d/1knlIgoEGv5x33n9mhTLRqJe8T55r3HCy/view","Report"
"https://threesigma.xyz/case-studies/airdrop/pengu","Report"
"https://threesigma.xyz/case-studies/yield-farming/more-markets","Report"
"https://cdn.sanity.io/files/qoqld077/staging/a68d604be9eca467b1f656c2ca775e1cebc2a468.pdf","Report"
"https://threesigma.xyz/case-studies/oracle/ojo-network-smart-contract-audit-2","Report"
"https://threesigma.xyz/case-studies/launchpad/zoo.fun","Report"
"https://cdn.sanity.io/files/qoqld077/staging/d9e57830a75b5165fd56e8b88037de7986a165ec.pdf","Report"
"https://cdn.sanity.io/files/qoqld077/staging/cd0627ebc0c012c250e35983143b0a3cdba00cad.pdf","Report"
"https://cdn.sanity.io/files/qoqld077/production/d2a7ca81740e715b604122c12dafbce599e43f2f.pdf","Report"
"https://cdn.sanity.io/files/qoqld077/production/686ad4e1d5035d69002f5f97e281e3c5a8b7ce00.pdf","Report"
"https://cdn.sanity.io/files/qoqld077/production/75b68b74f4b0dc6fbcd94892d934547d8259b57a.pdf","Report"
"https://cdn.sanity.io/files/qoqld077/production/e8fbb07b1854347b8d87929e76703b00c28fd2c7.pdf","Report"
"https://cdn.sanity.io/files/qoqld077/production/b6b3bd7bb47407d99e76abb7c6dc615c1db5018e.pdf","Report"
"https://code4rena.com/audits/2024-07-benddao-invitational","Report"
"https://cdn.sanity.io/files/qoqld077/production/fd2142f1d189dd29db23dff49d4018d4da9c01d6.pdf","Report"
"https://cdn.sanity.io/files/qoqld077/production/36dbe5ca76da3d2392bcee581548067705b8bd36.pdf","Report"
"https://cdn.sanity.io/files/qoqld077/production/3e07b0c2806b62578b8031e88c59bc5dbd38de1b.pdf","Report"
"https://cdn.sanity.io/files/qoqld077/staging/a66d788bb2f566afcaf033870e0e15b9127ae432.pdf","Report"
"https://threesigma.xyz/case-studies/institutional/keyring-network","Report"
"https://cdn.sanity.io/files/qoqld077/production/45b8aac56a2b8e3b557df4329ac9bf8220b64012.pdf","Report"
"https://cdn.sanity.io/files/qoqld077/production/a95b9c69e0f65d1d6b0e649f0d62a362358ca8ce.pdf","Report"
"https://cdn.sanity.io/files/qoqld077/staging/87f617e82d5468500e950a669f30607376b37c32.pdf","Report"
"https://cdn.sanity.io/files/qoqld077/production/1b1ab4ff365756fe1d86767f1e06744407570f5a.pdf","Report"
"https://code4rena.com/reports/2024-01-init-capital-invitational","Report"
"https://cdn.sanity.io/files/qoqld077/production/1cdafafad874aba76e062ad8c216c98338c096db.pdf","Report"
"https://cdn.sanity.io/files/qoqld077/production/c19530de75e234ad15694b4563edb1fc9d2a3fd8.pdf","Report"
"https://code4rena.com/reports/2023-12-initcapital","Report"
"https://cdn.sanity.io/files/qoqld077/production/34f2311ad7e8315d043e23054e794c136f19a079.pdf","Report"
"https://cdn.sanity.io/files/qoqld077/production/c23d04c8223879d2443221caf3ccb55ac118441a.pdf","Report"
"https://cdn.sanity.io/files/qoqld077/production/21bd3b6fa78c55968a6c9c7ea4fd49f34a8bd3d8.pdf","Report"
"https://cdn.sanity.io/files/qoqld077/staging/32181a28eac3175d15fb8924d249bb0d91ca350c.pdf","Report"
"https://cdn.sanity.io/files/qoqld077/staging/36dbe5ca76da3d2392bcee581548067705b8bd36.pdf","Report"
"https://github.com/#public-competitions",""
"https://audits.sherlock.xyz/contests/1154","🥇1st"
"https://audits.sherlock.xyz/contests/62?filter=results","🥇1st"
"https://audits.sherlock.xyz/contests/968","🥇1st"
"https://audits.sherlock.xyz/contests/826","🥇1st"
"https://audits.sherlock.xyz/contests/857","🥉3rd"
"https://audits.sherlock.xyz/contests/755","🥇1st"
"https://audits.sherlock.xyz/contests/838","🥇1st"
"https://audits.sherlock.xyz/contests/550?filter=results","🥈2nd"
"https://audits.sherlock.xyz/contests/569?filter=results","🥇1st"
"https://audits.sherlock.xyz/contests/648","🥇1st"
"https://audits.sherlock.xyz/contests/643?filter=questions","🥇1st"
"https://audits.sherlock.xyz/contests/598?filter=results","🥇1st"
"https://cantina.xyz/competitions/4ee8716d-3e0e-4f59-b90d-aa56bf3b484c","🥉3rd"
"https://cantina.xyz/competitions/8337db39-e04e-470d-8090-0cfb9a7ec2dd","🥈2nd"
"https://audits.sherlock.xyz/contests/509?filter=results","🥇1st"
"https://audits.sherlock.xyz/contests/506","🥇1st"
"https://audits.sherlock.xyz/contests/494?filter=results","🥇1st"
"https://audits.sherlock.xyz/contests/516?filter=results","🥉3rd"
"https://audits.sherlock.xyz/contests/396","🥇1st"
"https://audits.sherlock.xyz/contests/225?filter=results","🥇1st"
"https://code4rena.com/audits/2024-05-arbitrum-bold","🥉3rd"
"https://cantina.xyz/competitions/d47f8096-8858-437d-a9f5-2fe85ac9b95e","🥈2nd"
"https://audits.sherlock.xyz/contests/295","🥉3rd"
"https://audits.sherlock.xyz/contests/247?filter=results","🥇1st"
"https://audits.sherlock.xyz/contests/280?filter=results","🥉3rd"
"https://code4rena.com/audits/2023-05-base","🥉3rd"
"https://github.com/#readme-ov-file","Readme"
"https://github.com/0xsimao/audits/activity","Activity"
"https://github.com/0xsimao/audits/stargazers","50 stars"
"https://github.com/0xsimao/audits/watchers","2 watching"
"https://github.com/0xsimao/audits/forks","5 forks"
"https://github.com/contact/report-content?content_url=https%3A%2F%2Fgithub.com%2F0xsimao%2Faudits&amp;report=0xsimao+%28user%29","Report repository"
"https://github.com/0xsimao/audits/releases","Releases"
"https://github.com/users/0xsimao/packages?repo_name=audits","Packages 0"
"https://github.com/0xsimao/audits/graphs/contributors","Contributors"
"https://github.com",""
"https://docs.github.com/site-policy/github-terms/github-terms-of-service","Terms"
"https://docs.github.com/site-policy/privacy-policies/github-privacy-statement","Privacy"
"https://github.com/security","Security"
"https://www.githubstatus.com/","Status"
"https://github.community/","Community"
"https://docs.github.com/","Docs"
"https://support.github.com?tags=dotcom-footer","Contact"
"https://github.com/features/ai/github-app","GitHub Copilot appDirect agents from issue to merge"
"https://github.com/0xsimao/audits/stargazers","49 stars"
"https://github.com/mcp","MCP RegistryIntegrate external tools"
"https://github.com/features/code-quality","Code QualityEnforce quality at merge"
"https://github.com/open-source/sponsors","GitHub SponsorsFund open source developers"
"https://github.com/open-source/accelerator","Accelerator"
"https://github.com/enterprise/premium-support","Premium SupportEnterprise-grade 24/7 support"
"https://github.com/0xsimao/audits/commits/main/","67 Commits"
"https://github.com/0xsimao/audits/tree/main/0xSimao","0xSimao"
"https://github.com/0xsimao/audits/tree/main/Blackthorn","Blackthorn"
"https://github.com/0xsimao/audits/tree/main/Code4rena","Code4rena"
"https://github.com/0xsimao/audits/tree/main/Sherlock","Sherlock"
"https://github.com/0xsimao/audits/tree/main/Three%20Sigma","Three Sigma"
"https://github.com/0xsimao/audits/blob/main/.gitignore",".gitignore"
"https://github.com/#0xsimao-smart-contract-audits",""
"https://0xsimao.com/","0xsimao.com"
"https://github.com/#private-audits--86",""
"https://github.com/0xsimao/audits/blob/main/Blackthorn/2026-07-14-morpho-blue-bundles.pdf","Report"
"https://github.com/0xsimao/audits/blob/main/Sherlock/private-audits/2026-07-05-tenor.pdf","Report"
"https://github.com/0xsimao/audits/blob/main/Sherlock/private-audits/2026-06-10-morpho.pdf","Report"
"https://github.com/0xsimao/audits/blob/main/Sherlock/private-audits/2026-06-05-odei.pdf","Report"
"https://github.com/0xsimao/audits/blob/main/Blackthorn/2026-05-22-tenor-markets.pdf","Report"
"https://github.com/0xsimao/audits/blob/main/Blackthorn/2026-04-06-morpho-midnight.pdf","Report"
"https://github.com/0xsimao/audits/blob/main/Sherlock/private-audits/2026-01-13-superfluid.pdf","Report"
"https://github.com/0xsimao/audits/blob/main/Sherlock/private-audits/2025-12-26-evro-finance-ii.pdf","Report"
"https://github.com/0xsimao/audits/blob/main/Sherlock/private-audits/2025-12-16-spectra-metavault.pdf","Report"
"https://github.com/0xsimao/audits/blob/main/0xSimao/2025-11-28-spirit-protocol.pdf","Report"
"https://github.com/0xsimao/audits/blob/main/Sherlock/private-audits/2025-11-11-usual-ii.pdf","Report"
"https://github.com/0xsimao/audits/blob/main/Sherlock/private-audits/2025-10-22-maple-finance-iii.pdf","Report"
"https://github.com/0xsimao/audits/blob/main/Sherlock/private-audits/2025-09-08-maple-finance-ii.pdf","Report"
"https://github.com/0xsimao/audits/blob/main/Blackthorn/2025-08-13-morpho-vault-v2.pdf","Report"
"https://github.com/0xsimao/audits/blob/main/0xSimao/2025-06-23-yieldoor-iii.pdf","Report"
"https://github.com/0xsimao/audits/blob/main/0xSimao/2025-06-20-yieldoor-ii.pdf","Report"
"https://github.com/0xsimao/audits/blob/main/Sherlock/private-audits/2025-06-03-usual-i.pdf","Report"
"https://github.com/0xsimao/audits/blob/main/0xSimao/2025-05-12-yieldoor-i.pdf","Report"
"https://github.com/0xsimao/audits/blob/main/Sherlock/private-audits/2025-04-25-beraborrow-i.pdf","Report"
"https://github.com/0xsimao/audits/blob/main/Sherlock/private-audits/2025-04-22-aegis.pdf","Report"
"https://github.com/0xsimao/audits/blob/main/Sherlock/private-audits/2025-04-14-1inch.pdf","Report"
"https://github.com/0xsimao/audits/blob/main/Sherlock/private-audits/2025-03-28-gaib.pdf","Report"
"https://github.com/0xsimao/audits/blob/main/0xSimao/2025-03-14-felix.pdf","Report"
"https://github.com/0xsimao/audits/blob/main/Sherlock/private-audits/2025-02-03-nerite.pdf","Report"
"https://github.com/0xsimao/audits/blob/main/Three%20Sigma/2024-12-02-more-markets.pdf","Report"
"https://github.com/0xsimao/audits/blob/main/Three%20Sigma/2024-11-26-maple-finance-iv.pdf","Report"
"https://github.com/0xsimao/audits/blob/main/Three%20Sigma/2024-11-11-ojo-network.pdf","Report"
"https://github.com/0xsimao/audits/blob/main/Three%20Sigma/2024-10-23-codeup.pdf","Report"
"https://github.com/0xsimao/audits/blob/main/Three%20Sigma/2024-10-16-ojo-network.pdf","Report"
"https://github.com/0xsimao/audits/blob/main/Three%20Sigma/2024-08-23-maple-finance-syrup.pdf","Report"
"https://github.com/0xsimao/audits/blob/main/Three%20Sigma/2024-08-07-blast-ido-pools.pdf","Report"
"https://github.com/0xsimao/audits/blob/main/Three%20Sigma/2024-07-15-orange.pdf","Report"
"https://github.com/0xsimao/audits/blob/main/Three%20Sigma/2024-07-10-keyring-ii.pdf","Report"
"https://github.com/0xsimao/audits/blob/main/Three%20Sigma/2024-07-06-layer3.pdf","Report"
"https://github.com/0xsimao/audits/blob/main/Three%20Sigma/2024-06-25-mitosis.pdf","Report"
"https://github.com/0xsimao/audits/blob/main/Code4rena/private-audits/2024-06-19-benddao.md","Report"
"https://github.com/0xsimao/audits/blob/main/Three%20Sigma/2024-06-13-districtone.pdf","Report"
"https://github.com/0xsimao/audits/blob/main/Three%20Sigma/2024-05-21-maple-finance-syrup-router.pdf","Report"
"https://github.com/0xsimao/audits/blob/main/Three%20Sigma/2024-04-06-metazero-ii.pdf","Report"
"https://github.com/0xsimao/audits/blob/main/Three%20Sigma/2024-04-03-vertex.pdf","Report"
"https://github.com/0xsimao/audits/blob/main/Three%20Sigma/2024-03-15-clip-finance-ii.pdf","Report"
"https://github.com/0xsimao/audits/blob/main/Three%20Sigma/2024-02-26-singularity.pdf","Report"
"https://github.com/0xsimao/audits/blob/main/Three%20Sigma/2024-02-19-ostium.pdf","Report"
"https://github.com/0xsimao/audits/blob/main/Three%20Sigma/2024-01-29-nftperp-ii.pdf","Report"
"https://github.com/0xsimao/audits/blob/main/Three%20Sigma/2024-01-27-metazero-i.pdf","Report"
"https://github.com/0xsimao/audits/blob/main/Three%20Sigma/2024-01-27-trestle.pdf","Report"
"https://github.com/0xsimao/audits/blob/main/Code4rena/private-audits/2024-01-26-init-capital-i.md","Report"
"https://github.com/0xsimao/audits/blob/main/Three%20Sigma/2024-01-08-m-0.pdf","Report"
"https://github.com/0xsimao/audits/blob/main/Three%20Sigma/2024-01-02-nftperp-i.pdf","Report"
"https://github.com/0xsimao/audits/blob/main/Code4rena/private-audits/2023-12-15-init-capital-ii.md","Report"
"https://github.com/0xsimao/audits/blob/main/Three%20Sigma/2023-11-16-maple-finance-ii.pdf","Report"
"https://github.com/0xsimao/audits/blob/main/Three%20Sigma/2023-11-10-clip-finance-i.pdf","Report"
"https://github.com/0xsimao/audits/blob/main/Three%20Sigma/2023-07-12-glacier.pdf","Report"
"https://github.com/0xsimao/audits/blob/main/Three%20Sigma/2023-05-06-fuji-finance.pdf","Report"
"https://github.com/0xsimao/audits/blob/main/Three%20Sigma/2023-04-10-maple-finance-iii.pdf","Report"
"https://github.com/#public-competitions--57",""
"https://audits.sherlock.xyz/contests/1222","#1"
"https://audits.sherlock.xyz/contests/1209","#1"
"https://audits.sherlock.xyz/contests/1203","#22"
"https://audits.sherlock.xyz/contests/1154","#1"
"https://0xsimao.com/findings#bmx-2025-09-02","10"
"https://audits.sherlock.xyz/contests/990","#14"
"https://0xsimao.com/findings#cap-2025-07-10","2"
"https://audits.sherlock.xyz/contests/967","#1"
"https://0xsimao.com/findings#symbiotic-relay-2025-06-19","5"
"https://audits.sherlock.xyz/contests/968","#1"
"https://0xsimao.com/findings#superfluid-locker-system-2025-06-04","6"
"https://audits.sherlock.xyz/contests/826","#1"
"https://audits.sherlock.xyz/contests/857","#3"
"https://codehawks.cyfrin.io/contests/cm8iwzzel0002jv03235nowd6","#9"
"https://code4rena.com/audits/2025-03-starkware-perps","#22"
"https://audits.sherlock.xyz/contests/755","#1"
"https://0xsimao.com/findings#crestal-network-2025-03-11","5"
"https://audits.sherlock.xyz/contests/838","#1"
"https://0xsimao.com/findings#symmio-staking-and-vesting-2025-03-07","2"
"https://audits.sherlock.xyz/contests/791","#1"
"https://0xsimao.com/findings#yieldoor-2025-02-24","12"
"https://audits.sherlock.xyz/contests/741","#2"
"https://audits.sherlock.xyz/contests/569","#1"
"https://0xsimao.com/findings#autonomint-2024-12-04","38"
"https://audits.sherlock.xyz/contests/648","#1"
"https://0xsimao.com/findings#superfluid-locker-system-2024-11-20","6"
"https://audits.sherlock.xyz/contests/550","#1"
"https://audits.sherlock.xyz/contests/643","#1"
"https://audits.sherlock.xyz/contests/598","#1"
"https://0xsimao.com/findings#mento-2024-10-24","5"
"https://cantina.xyz/competitions/61087007-c7e9-4c4e-9d90-4e118933fecf","#8"
"https://cantina.xyz/competitions/4ee8716d-3e0e-4f59-b90d-aa56bf3b484c","#3"
"https://immunefi.com/audit-competition/iop-swaylend","#4"
"https://cantina.xyz/competitions/8337db39-e04e-470d-8090-0cfb9a7ec2dd","#1"
"https://audits.sherlock.xyz/contests/509","#1"
"https://0xsimao.com/findings#saffron-lido-vaults-2024-09-16","5"
"https://cantina.xyz/competitions/fadb5a8f-e39c-4a6b-89f6-a03858bb8602","#56"
"https://audits.sherlock.xyz/contests/468","#13"
"https://0xsimao.com/findings#flayer-2024-09-02","3"
"https://audits.sherlock.xyz/contests/506","#1"
"https://0xsimao.com/findings#cork-protocol-2024-08-29","15"
"https://audits.sherlock.xyz/contests/494","#1"
"https://audits.sherlock.xyz/contests/516","#3"
"https://0xsimao.com/findings#winnables-raffles-2024-08-16","6"
"https://immunefi.com/audit-competition/thundernft-iop","#4"
"https://audits.sherlock.xyz/contests/396","#1"
"https://0xsimao.com/findings#exactly-protocol-update-staking-contract-2024-07-22","12"
"https://immunefi.com/audit-competition/fuel-network-attackathon","#27"
"https://audits.sherlock.xyz/contests/225","#1"
"https://0xsimao.com/findings#pooltogether-the-prize-layer-for-defi-2024-05-16","12"
"https://code4rena.com/audits/2024-05-arbitrum-bold","#3"
"https://0xsimao.com/findings#arbitrum-bold-2024-05-10","1"
"https://cantina.xyz/competitions/d47f8096-8858-437d-a9f5-2fe85ac9b95e","#2"
"https://code4rena.com/audits/2024-04-renzo","#7"
"https://0xsimao.com/findings#renzo-2024-04-30","6"
"https://audits.sherlock.xyz/contests/295","#3"
"https://0xsimao.com/findings#teller-finance-2024-04-23","17"
"https://audits.sherlock.xyz/contests/247","#1"
"https://0xsimao.com/findings#exactly-protocol-update-staking-contract-2024-04-22","11"
"https://audits.sherlock.xyz/contests/326","#8"
"https://0xsimao.com/findings#titles-publishing-protocol-2024-04-22","8"
"https://audits.sherlock.xyz/contests/280","#3"
"https://0xsimao.com/findings#zivoe-2024-04-08","4"
"https://cantina.xyz/competitions/c90131b4-5c7c-4ebc-a1f3-8002d219bfe0","#17"
"https://code4rena.com/audits/2023-08-chainlink-staking-v02","#8"
"https://code4rena.com/audits/2023-08-verwa","#32"
"https://0xsimao.com/findings#verwa-2023-08-07","1"
"https://audits.sherlock.xyz/contests/106","#7"
"https://0xsimao.com/findings#perennial-v2-2023-07-24","2"
"https://audits.sherlock.xyz/contests/101","#15"
"https://0xsimao.com/findings#tokemak-2023-07-17","7"
"https://code4rena.com/audits/2023-07-tapioca-dao","#6"
"https://0xsimao.com/findings#tapioca-dao-2023-07-05","10"
"https://code4rena.com/audits/2023-05-base","#3"
"https://code4rena.com/audits/2023-05-venus-protocol-isolated-pools","#31"
"https://0xsimao.com/findings#venus-protocol-isolated-pools-2023-05-08","1"
"https://code4rena.com/audits/2023-05-ajna-protocol","#17"
"https://0xsimao.com/findings#ajna-protocol-2023-05-03","1"
"https://code4rena.com/audits/2023-04-ens-contest","#20"
"https://code4rena.com/audits/2023-04-frankencoin","#66"
"https://code4rena.com/audits/2023-03-zksync-era-system-contracts-contest","#10"
"https://0xsimao.com/findings#zksync-era-system-contracts-2023-03-10","1"
"https://code4rena.com/audits/2023-03-wenwin-contest","#13"
"https://0xsimao.com/findings#wenwin-2023-03-06","1"
"https://code4rena.com/audits/2023-02-ethos-reserve-contest","#28"
"https://code4rena.com/audits/2023-01-biconomy-smart-contract-wallet-contest","#56"
"https://0xsimao.com/findings#biconomy-2023-01-04","1"
"https://code4rena.com/audits/2022-12-gogopool-contest","#36"
"https://0xsimao.com/findings#gogopool-2022-12-15","3"
"https://www.0xsimao.com/","www.0xsimao.com/"
